name,profile
CANELA_EO,Profile_CANELA_EO
CANELA_2_EO,Profile_CANELA_2_EO
MONTE_REDONDO_EO,Profile_MONTE_REDONDO_EO
TOTORAL_EO,Profile_TOTORAL_EO
PUNTA_COLORADA_EO,Profile_PUNTA_COLORADA_EO
UCUQUER_EO,Profile_UCUQUER_EO
TALINAY_ORIENTE_EO,Profile_TALINAY_ORIENTE_EO
CUEL_EO,Profile_CUEL_EO
VALLE_DE_LOS_VIENTOS_EO,Profile_VALLE_DE_LOS_VIENTOS_EO
EL_ARRAYAN_EO,Profile_EL_ARRAYAN_EO
SAN_PEDRO_EO,Profile_SAN_PEDRO_EO
LOS_CURUROS_EO,Profile_LOS_CURUROS_EO
UCUQUER_2_EO,Profile_UCUQUER_2_EO
PUNTA_PALMERAS_EO,Profile_PUNTA_PALMERAS_EO
TALTAL_EO,Profile_TALTAL_EO
TALINAY_PONIENTE_EO,Profile_TALINAY_PONIENTE_EO
RAKI_EO,Profile_RAKI_EO
HUAJACHE_EO,Profile_HUAJACHE_EO
LOS_BUENOS_AIRES_EO,Profile_LOS_BUENOS_AIRES_EO
RENAICO_EO,Profile_RENAICO_EO
LAS_PENAS_EO,Profile_LAS_PENAS_EO
SIERRA_GORDA_EO,Profile_SIERRA_GORDA_EO
LA_ESPERANZA_EO,Profile_LA_ESPERANZA_EO
SAN_JUAN_EO,Profile_SAN_JUAN_EO
SAN_PEDRO_2_EO,Profile_SAN_PEDRO_2_EO
CABO_LEONES_1_EO,Profile_CABO_LEONES_1_EO
EL_ARREBOL_EO,Profile_EL_ARREBOL_EO
PUNTA_SIERRA_EO,Profile_PUNTA_SIERRA_EO
AURORA_EO,Profile_AURORA_EO
EL_MAITEN_EO,Profile_EL_MAITEN_EO
EL_NOGAL_EO,Profile_EL_NOGAL_EO
SARCO_EO,Profile_SARCO_EO
LEBU_2_EO,Profile_LEBU_2_EO
LEBU_3_EO,Profile_LEBU_3_EO
LEBU_EO,Profile_LEBU_EO
SAN_GABRIEL_EO,Profile_SAN_GABRIEL_EO
LA_FLOR_EO,Profile_LA_FLOR_EO
CABO_LEONES_2_EO,Profile_CABO_LEONES_2_EO
CABO_LEONES_3_EO,Profile_CABO_LEONES_3_I_EO
TOLPAN_SUR_EO,Profile_Tolpan Sur
CALAMA_EO,Profile_Eolica_Chuquicamata03
LOS_OLMOS_EO,Profile_Eolica_Mulchen01
LA_ESTRELLA_EO,Profile_Eolica_Rapel01
Tchamma_EO,Profile_Tchamma_EO
ALENA_EO,Profile_Alena
NEGRETE_E1_EO,Profile_Negrete_EO
MALLECO_F1_EO,Profile_Malleco_EO
OCHS_EO,Profile_Eolica_Rahue01
CABO_LEONES_3_F2_EO,Profile_CABO_LEONES_1_EO
EL_CRUCE_EO,Profile_Eolica_Rahue01
MESAMAVIDA_EO,Profile_Eolica_Concepcion01
Cerro_Tigre_EO,Profile_Cerro_Tigre_EO
MALLECO_F2_EO,Profile_Malleco_II_EO
RENAICO_II_EO,Profile_RENAICO_EO
PUELCHE_SUR_EO,Profile_Puelche_Sur_EO
CABO_LEONES_1_EXP_EO,Profile_CABO_LEONES_1_EO
Eolica_Antofagasta_4,Profile_Eolica_TalTalEol08
Caman,Profile_Caman_EO
SanRarinco,Profile_San_Rarinco_EO
PuntadeTalca,Profile_Punta_de_talca_EO
Eolica_Horizonte,Profile_Horizonte
Campo Lindo,Profile_Campo_lindo_EO
Eolica_Lomas_de_Taltal,Profile_Eolica_TalTalEol13
Eolica_Nolana,Profile_Eolica_TalTalEol05
Eolica_Biobio_63,Profile_Eolica_Concepcion05
Eolica_Marmoleras,Profile_Eolica_Chuquicamata03
Eolica_Pampa_Fidelia,Profile_Eolica_TalTalEol04
Eolica_LosLagos_106,Profile_Eolica_Pichirropulli01
Eolica_araucania_80,Profile_Eolica_Cautin01
Eolica_Atacama_21,Profile_SARCO_EO
Eolica_LosRios_99,Profile_Eolica_Valdivia03
Eolica_Coquimbo_26,Profile_Eolica_Pazucar01
Eolica_Ohiggins_36,Profile_Eolica_Rapel01
Eolica_Coquimbo_28,Profile_Eolica_Pazucar01
Eolica_Maule_37,Profile_Negrete_EO
Eolica testigo 2,Profile_Eolica testigo 2
Eolica testigo 3,Profile_Eolica testigo 3
TAMBO_REAL_FV,Profile_TAMBO_REAL_FV
HORNITOS_FV,Profile_HORNITOS_FV
SDGx01_FV,Profile_SDGx01_FV
ESPERANZA_FV,Profile_ESPERANZA_FV
SANTA_CECILIA_FV,Profile_SANTA_CECILIA_FV
CASAS_BLANCAS_FV,Profile_CASAS_BLANCAS_FV
POZO_ALMONTE_2_FV,Profile_POZO_ALMONTE_2_FV
TECHOS_DE_ALTAMIRA_FV,Profile_TECHOS_DE_ALTAMIRA_FV
LLANO_DE_LLAMPOS_FV,Profile_LLANO_DE_LLAMPOS_FV
SAN_ANDRES_FV,Profile_SAN_ANDRES_FV
LOMAS_COLORADAS_FV,Profile_LOMAS_COLORADAS_FV
PAMA_FV,Profile_PAMA_FV
POZO_ALMONTE_3_FV,Profile_POZO_ALMONTE_3_FV
LAS_TERRAZAS_FV,Profile_LAS_TERRAZAS_FV
DIEGO_DE_ALMAGRO_FV,Profile_DIEGO_DE_ALMAGRO_FV
MARIA_ELENA_FV,Profile_MARIA_ELENA_FV
JAMA_1_FV,Profile_JAMA_1_FV
CHANARES_FV,Profile_CHANARES_FV
JAVIERA_FV,Profile_JAVIERA_FV
LALACKAMA_FV,Profile_LALACKAMA_FV
SALVADOR_FV,Profile_SALVADOR_FV
LALACKAMA_2_FV,Profile_LALACKAMA_2_FV
LOS_PUQUIOS_FV,Profile_LOS_PUQUIOS_FV
LUNA_FV,Profile_LUNA_FV
POZO_ALMONTE_1_FV,Profile_POZO_ALMONTE_1_FV
PICA_1_FV,Profile_PICA_1_FV
JAMA_2_FV,Profile_JAMA_2_FV
LAGUNILLA_FV,Profile_LAGUNILLA_FV
LUZ_DEL_NORTE_FV,Profile_LUZ_DEL_NORTE_FV
BELLAVISTA_FV,Profile_BELLAVISTA_FV
LA_CHAPEANA_FV,Profile_LA_CHAPEANA_FV
LAS_MOLLACAS_FV,Profile_LAS_MOLLACAS_FV
SANTA_JULIA_FV,Profile_SANTA_JULIA_FV
ANDES_FV,Profile_ANDES_FV
CARRERA_PINTO_FV,Profile_CARRERA_PINTO_FV
LAS_ARAUCARIAS_FV,Profile_LAS_ARAUCARIAS_FV
PAMPA_CAMARONES_FV,Profile_PAMPA_CAMARONES_FV
TIL_TIL_FV,Profile_TIL_TIL_FV
CHUCHINI_FV,Profile_CHUCHINI_FV
EL_DIVISADERO_FV,Profile_EL_DIVISADERO_FV
LA_SILLA_FV,Profile_LA_SILLA_FV
LOS_LOROS_FV,Profile_LOS_LOROS_FV
CONEJO_FV,Profile_CONEJO_FV
ALTURAS_DE_OVALLE_FV,Profile_ALTURAS_DE_OVALLE_FV
HORMIGA_FV,Profile_HORMIGA_FV
PAMPA_SOLAR_NORTE_FV,Profile_PAMPA_SOLAR_NORTE_FV
SAN_PEDRO_FV,Profile_SAN_PEDRO_FV
ESPERANZA_2_FV,Profile_ESPERANZA_2_FV
NILHUE_FV,Profile_NILHUE_FV
ANTAY_FV,Profile_ANTAY_FV
EL_BOCO_FV,Profile_EL_BOCO_FV
LA_HUAYCA_2_FV,Profile_LA_HUAYCA_2_FV
URIBE_SOLAR_FV,Profile_URIBE_SOLAR_FV
PILOTO_CARDONES_FV,Profile_PILOTO_CARDONES_FV
BOLERO_1_FV,Profile_BOLERO_1_FV
CORDILLERILLA_FV,Profile_CORDILLERILLA_FV
EL_ROMERO_FV,Profile_EL_ROMERO_FV
MARCHIGUE_2_FV,Profile_MARCHIGUE_2_FV
QUILAPILUN_FV,Profile_QUILAPILUN_FV
FINIS_TERRAE_FV,Profile_FINIS_TERRAE_FV
CABILSOL_FV,Profile_CABILSOL_FV
CALAMA_1_FV,Profile_CALAMA_1_FV
DONA_CARMEN_FV,Profile_DONA_CARMEN_FV
EL_PELICANO_FV,Profile_EL_PELICANO_FV
LAS_TURCAS_FV,Profile_LAS_TURCAS_FV
SAN_FRANCISCO_FV,Profile_SAN_FRANCISCO_FV
HOMERO_FV,Profile_HOMERO_FV
DON_EUGENIO_FV,Profile_DON_EUGENIO_FV
EL_QUELTEHUE_FV,Profile_EL_QUELTEHUE_FV
PUERTO_SECO_FV,Profile_PUERTO_SECO_FV
EL_ROBLE_FV,Profile_EL_ROBLE_FV
FRANCISCO_FV,Profile_FRANCISCO_FV
CHIMBARONGO_FV,Profile_CHIMBARONGO_FV
EL_PILPEN_FV,Profile_EL_PILPEN_FV
LA_QUINTA_FV,Profile_LA_QUINTA_FV
SANTUARIO_FV,Profile_SANTUARIO_FV
VALLE_DE_LA_LUNA_2_FV,Profile_VALLE_DE_LA_LUNA_2_FV
LA_MANGA_1_FV,Profile_LA_MANGA_1_FV
CHANCON_FV,Profile_CHANCON_FV
CUZCUZ_FV,Profile_CUZCUZ_FV
DAS_FV,Profile_DAS_FV
EL_AGUILA_FV,Profile_EL_AGUILA_FV
EL_PITIO_FV,Profile_EL_PITIO_FV
EL_SAUCE_FV,Profile_EL_SAUCE_FV
LA_ACACIA_FV,Profile_LA_ACACIA_FV
LOS_GORRIONES_FV,Profile_LOS_GORRIONES_FV
PANQUEHUE_2_FV,Profile_PANQUEHUE_2_FV
PERALILLO_FV,Profile_PERALILLO_FV
PORTEZUELO_FV,Profile_PORTEZUELO_FV
SANTIAGO_SOLAR_FV,Profile_SANTIAGO_SOLAR_FV
AMPARO_DEL_SOL_FV,Profile_AMPARO_DEL_SOL_FV
CERRO_DOMINADOR_FV,Profile_CERRO_DOMINADOR_FV
OVEJERIA_FV,Profile_OVEJERIA_FV
CATAN_SOLAR_FV,Profile_CATAN_SOLAR_FV
CHINCOL_FV,Profile_CHINCOL_FV
LA_FRONTERA_FV,Profile_LA_FRONTERA_FV
LUDERS_FV,Profile_LUDERS_FV
LUNA_DEL_NORTE_FV,Profile_LUNA_DEL_NORTE_FV
MOSTAZAL_FV,Profile_MOSTAZAL_FV
OCOA_FV,Profile_OCOA_FV
PICURIO_FV,Profile_PICURIO_FV
SOL_DEL_NORTE_FV,Profile_SOL_DEL_NORTE_FV
TALHUEN_FV,Profile_TALHUEN_FV
VITUCO_2B_FV,Profile_VITUCO_2B_FV
EL_CERNICALO_1_FV,Profile_EL_CERNICALO_1_FV
EL_CERNICALO_2_FV,Profile_EL_CERNICALO_2_FV
SANTA_LAURA_FV,Profile_SANTA_LAURA_FV
ALICAHUE_FV,Profile_ALICAHUE_FV
ALTO_SOLAR_FV,Profile_ALTO_SOLAR_FV
ARIZTIA_FV,Profile_ARIZTIA_FV
CACHIYUYO_FV,Profile_CACHIYUYO_FV
CALLE_LARGA_FV,Profile_CALLE_LARGA_FV
CRUCERO_FV,Profile_CRUCERO_FV
EL_PIQUERO_FV,Profile_EL_PIQUERO_FV
ENCON_SOLAR_FV,Profile_ENCON_SOLAR_FV
LAS_PALOMAS_FV,Profile_LAS_PALOMAS_FV
LAUREL_FV,Profile_LAUREL_FV
LIPANGUE_FV,Profile_LIPANGUE_FV
LOS_PATOS_FV,Profile_LOS_PATOS_FV
MALAQUITA_SOLAR_FV,Profile_MALAQUITA_SOLAR_FV
MARIN_FV,Profile_MARIN_FV
OLIVILLO_FV,Profile_OLIVILLO_FV
POBLACION_FV,Profile_POBLACION_FV
PUNTA_BAJA_SOLAR_I_FV,Profile_PUNTA_BAJA_SOLAR_I_FV
QUEULE_FV,Profile_QUEULE_FV
RANGUIL_FV,Profile_RANGUIL_FV
RODEO_FV,Profile_RODEO_FV
SANTA_CLARA_FV,Profile_SANTA_CLARA_FV
ALTOS_TILTIL_FV,Profile_ALTOS_TILTIL_FV
CANESA_1_FV,Profile_CANESA_1_FV
CASUTO_FV,Profile_CASUTO_FV
CHALINGA_FV,Profile_CHALINGA_FV
CRUZ_SOLAR_I_FV,Profile_CRUZ_SOLAR_I_FV
HUATACONDO_FV,Profile_HUATACONDO_FV
ILLAPEL_5_FV,Profile_ILLAPEL_5_FV
LA_BLANQUINA_1_FV,Profile_LA_BLANQUINA_1_FV
LA_LAJUELA_FV,Profile_LA_LAJUELA_FV
LAS_CODORNICES_FV,Profile_LAS_CODORNICES_FV
LAS_PERDICES_FV,Profile_LAS_PERDICES_FV
NORTE_CHICO_1_FV,Profile_NORTE_CHICO_1_FV
PEDREROS_FV,Profile_PEDREROS_FV
SAN_ISIDRO_FV,Profile_SAN_ISIDRO_FV
SANTA_ADRIANA_FV,Profile_SANTA_ADRIANA_FV
SANTA_ROSA_FV,Profile_SANTA_ROSA_FV
JAURURO_FV,Profile_JAURURO_FV
VILLA_PRAT_FV,Profile_VILLA_PRAT_FV
TRICAHUE_2_FV,Profile_TRICAHUE_FV
TRICA_DOS_FV,Profile_TRICAHUE_FV
PIRQUE_FV,Profile_PIRQUE_FV
VALLE_SOLAR_ESTE_FV,Profile_VALLE_SOLAR_ESTE_FV
VALLE_SOLAR_OESTE_FV,Profile_VALLE_SOLAR_OESTE_FV
DONIHUE_FV,Profile_DONIHUE_FV
ROVIAN_FV,Profile_ROVIAN_FV
EL_QUEMADO_FV,Profile_FV_Lpalmas03
ESTERO_FV,Profile_FV_AltoJahuel02
MONTT_SOLAR_FV,Profile_FV_Lpalmas03
PSF_LO_SIERRA_FV,Profile_ALTOS_DEL_PAICO_FV
MARCHIGUE_7_FV,Profile_FV_Rapel01
TALCA_FV,Profile_FV_Ancoa01
PLACILLA_FV,Profile_FV_Ancoa01
LAS_LECHUZAS_FV,Profile_FV_Charrua01
LUCE_SOLAR_FV,Profile_FV_Charrua01
LORETO_FV,Profile_FV_AltoJahuel02
RINCONADA_FV,Profile_FV_AltoJahuel02
RLA_FV,Profile_ALTOS_DEL_PAICO_FV
TUCUQUERE_FV,Profile_FV_AltoJahuel02
VILLA_SECA_FV,Profile_FV_Charrua01
KONDA_FV,Profile_FV_Polpaico01
LAS_MERCEDES_I_FV,Profile_FV_AltoJahuel02
J_SOLER_M_FV,Profile_FV_Ancoa01
BELLAVISTA_1_FV,Profile_FV_Lagunas03
LAS_ROJAS_FV,Profile_FV_Pazucar01
LOS_PALTOS_FV,Profile_FV_Lpalmas03
PARAGUAY_FV,Profile_FV_Ancoa01
LO_MIRANDA_FV,Profile_FV_AltoJahuel02
VILLA_CRUZ_FV,Profile_FV_Ancoa01
PEPA_SOLAR_1_FV,Profile_FV_AltoJahuel02
DARLIN_FV,Profile_FV_AltoJahuel02
CITRINO_FV,Profile_FV_LoAguirre01
LAS_CHACRAS_FV,Profile_FV_Rapel01
DON_MARIANO_FV,Profile_FV_Ancoa01
PILPILEN_FV,Profile_FV_Rapel01
ECLIPSE_FV,Profile_ALTOS_DEL_PAICO_FV
EL_LITRE_II_FV,Profile_FV_AltoJahuel02
CANDELARIA_FV,Profile_FV_AltoJahuel02
VILLA_CRUZ_7_FV,Profile_FV_Ancoa01
LOS_GIRASOLES_FV,Profile_FV_LoAguirre01
LEMU_FV,Profile_FV_Ancoa01
LA_LIGUA_FV,Profile_FV_Lpalmas03
LLANOS_DE_POTROSO_FV,Profile_FV_Pazucar01
GUADALAO_FV,Profile_FV_Rapel01
ANTONIA_FV,Profile_FV_AltoJahuel02
LOS_LIBERTADORES_FV,Profile_LOS_LIBERTADORES_FV
SANTA_FE_FV,Profile_FV_Ancoa01
PITOTOY_FV,Profile_FV_AltoJahuel02
QUELTEHUE_FV,Profile_FV_AltoJahuel02
JAHUEL_FV,Profile_FV_Polpaico01
LA_CHIMBA_BIS_FV,Profile_FV_Pazucar01
COCHARCAS_FV,Profile_FV_Charrua01
FILOMENA_FV,Profile_FV_Polpaico01
COVADONGA_FV,Profile_FV_DAlmagro01
GRANADA_FV,Profile_FV_Charrua01
CATEMU_FV,Profile_FV_AltoJahuel02
CIPRES_FV,Profile_FV_Charrua01
PULLALLI_FV,Profile_FV_Lpalmas03
CHACABUCO_FV,Profile_FV_Polpaico01
PUENTE_FV,Profile_FV_LoAguirre01
LUMBRERAS_FV,Profile_ALTOS_DEL_PAICO_FV
GUANACO_1_FV,Profile_FV_AltoJahuel02
SOL_DE_SEPTIEMBRE_FV,Profile_FV_LoAguirre01
COCINILLAS_FV,Profile_FV_Pazucar01
CANELILLO_FV,Profile_FV_Pazucar01
EL_SALITRAL_FV,Profile_FV_Pazucar01
SAN_PEDRO_GPG_FV,Profile_FV_Chuquicamata03
UTFSM_VALPARAISO_VALDES_FV,Profile_UTFSM_VALPARAISO_VALDES_FV
UTFSM_VINA_DEL_MAR_FV,Profile_UTFSM_VINA_DEL_MAR_FV
ALMEYDA_FV,Profile_ALMEYDA_FV
GRANJA_FV,Profile_Granja_Solar_FV
USYA_FV,Profile_USYA
ANDES_2A_FV,Profile_ANDES_FV
NIQUEN_FV,Profile_FV_Charrua01
PLAYERO_FV,Profile_FV_Charrua01
EL_CONDOR_FV,Profile_FV_Ancoa01
SANTA_INES_FV,Profile_FV_Quillota02
LAS_TORTOLAS_FV,Profile_FV_Charrua01
El_MEMBRILLO_FV,Profile_FV_Ancoa01
BICENTENARIO_FV,Profile_FV_Charrua01
LOS_PERALES_FV,Profile_FV_AltoJahuel02
PLAYERITO_FV,Profile_FV_Charrua01
PITRA_FV,Profile_FV_AltoJahuel02
DON_JORGE_FV,Profile_FV_Rapel01
SANTA_CAROLINA_FV,Profile_FV_Ancoa01
LOS_TILOS_FV,Profile_FV_Quillota02
EL_ROMERAL_FV,Profile_FV_Ancoa01
VICTORIA_FV,Profile_FV_Chuquicamata03
QUINANTU_FV,Profile_FV_Ancoa01
RAULI_FV,Profile_FV_Ancoa01
CINTAC_FV,Profile_CINTAC_FV
ALTOS_DEL_PAICO_FV,Profile_ALTOS_DEL_PAICO_FV
LOMA_LOS_COLORADOS_FV,Profile_LOMA_LOS_COLORADOS_FV
PILAR_LOS_AMARILLOS_FV,Profile_PILAR_LOS_AMARILLOS_FV
UTFSM_VITACURA_FV,Profile_UTFSM_VITACURA_FV
LA_ESTANCIA_FV,Profile_FV_Rapel01
RAUQUEN_FV,Profile_FV_Ancoa01
VILLA_PRAT_V_FV,Profile_SDGx01_FV
SANTA_AMELIA_FV,Profile_FV_AltoJahuel02
VILLA_ALEGRE_FV,Profile_FV_Ancoa01
CHUCAO_FV,Profile_FV_Charrua01
MARIA_PINTO_FV,Profile_ALTOS_DEL_PAICO_FV
QUILLAY_FV,Profile_ALTOS_DEL_PAICO_FV
LIRIO_DE_CAMPO_FV,Profile_ALTOS_DEL_PAICO_FV
LINGUE_FV,Profile_FV_AltoJahuel02
NUEVO_QUILLAGUA_FV,Profile_Quillagua
TREBAL_SOLAR_FV,Profile_FV_AltoJahuel02
EL_RESPLANDOR_FV,Profile_FV_Charrua01
DON_ANDRONICO_FV,Profile_FV_AltoJahuel02
LO_BOZA_FV,Profile_FV_LoAguirre01
ROMERO_FV,Profile_FV_Ancoa01
PAINE_FV,Profile_FV_Chuquicamata03
SAN_RAMIRO_FV,Profile_FV_Rapel01
OVALLE_NORTE_FV,Profile_FV_Quillota02
CASABERMEJA_FV,Profile_FV_LoAguirre01
VENTURADA_FV,Profile_FV_Charrua01
BERRUECO_FV,Profile_FV_Charrua01
ARGOMEDO_FV,Profile_FV_Ancoa01
EL_PASO_FV,Profile_FV_Ancoa01
MECO_CHILLAN_FV,Profile_FV_Charrua01
EL_BOCO_AMPL_FV,Profile_FV_Quillota02
LAS_TORCAZAS_FV,Profile_FV_Rapel01
MALINKE_FV,Profile_FV_Charrua01
CRUCERO_SOLAR_FV,Profile_ALTOS_DEL_PAICO_FV
KAUFMANN_FV,Profile_FV_Quillota02
CAIMI_FV,Profile_FV_Quillota02
SOL_DEL_NORTE_ANDES_FV,Profile_ANDES_FV
LOS_ANDES_FV,Profile_ANDES_FV
CABRERO_FV,Profile_FV_Charrua01
LITRE_FV,Profile_FV_AltoJahuel02
CARACAS_1_FV,Profile_FV_Lpalmas03
LA_HUELLA_FV,Profile_FV_Maitencillo02
UTFSM_SAN_JOAQUIN_FV,Profile_UTFSM_SAN_JOAQUIN_FV
UTFSM_VALPARAISO_FV,Profile_UTFSM_VALPARAISO_FV
SANTA_ISABEL_ETAPA_I_FV,Profile_SANTA_ISABEL_ETAPA_I_FASE_I_FV
ATACAMA_SOLAR_2_FV,Profile_Atacama_Solar_Fase_II_FV
RIO_ESCONDIDO_FV,Profile_Rio_escondido
MALGARIDA_1_FV,Profile_Malgarida
MALGARIDA_2_FV,Profile_Malgarida II
SOL_DE_DESIERTO_1_FV,Profile_MARIA_ELENA_FV
LA_FORESTA_FV,Profile_FV_Rapel01
SOL_DE_DESIERTO_2_FV,Profile_MARIA_ELENA_FV
CARACAS_2_FV,Profile_FV_Lpalmas03
DEL_DESIERTO_FV,Profile_ANDES_FV
SOL_DE_LOS_ANDES_FV,Profile_FV_DAlmagro01
ICB_FV,Profile_FV_Polpaico01
TECHOS_WATTS_FV,Profile_FV_LoAguirre01
WATTS_LONQUEN_FV,Profile_FV_Charrua01
LOS_LAGOS_X_FV,Profile_FV_AltoJahuel02
SAN_JAVIER_1_FV,Profile_FV_Charrua01
LA_MURALLA_FV,Profile_FV_AltoJahuel02
PORVENIR_FV,Profile_FV_Ancoa01
PUELCHE_FV,Profile_FV_Charrua01
VILLA_ALEMANA_FV,Profile_FV_AltoJahuel02
SANTA_RITA_FV,Profile_FV_Charrua01
SOL_SANTA_INES_FV,Profile_FV_Charrua01
CURACAVI_FV,Profile_FV_LoAguirre01
CANCURA_2_FV,Profile_FV_Charrua01
VICENTE_FV,Profile_FV_AltoJahuel02
HUAPE_FV,Profile_FV_Charrua01
ADELE_1_FV,Profile_FV_AltoJahuel02
SALERNO_FV,Profile_ALTOS_DEL_PAICO_FV
PRETTY_FIELD_FV,Profile_FV_Pazucar01
NIHUE_FV,Profile_ALTOS_DEL_PAICO_FV
PANGUILEMO_FV,Profile_FV_Ancoa01
CONDOR_PELVIN_FV,Profile_FV_LoAguirre01
ESCORIAL_VERANO_FV,Profile_FV_Quillota02
EL_MONTE_FV,Profile_ALTOS_DEL_PAICO_FV
NAZARINO_VERANO_FV,Profile_FV_LoAguirre01
GABARDO_VERANO_FV,Profile_FV_AltoJahuel02
EL_ZORZAL_FV,Profile_FV_Ancoa01
SANTA_MARGARITA_FV,Profile_FV_Rapel01
COIHUECO_V_M_FV,Profile_FV_Charrua01
EL_PIUQUEN_FV,Profile_FV_Charrua01
EL_NANDU_FV,Profile_FV_Cardones01
TAMARUGO_FV,Profile_FV_Lagunas03
MERCURIO_SUR_FV,Profile_FV_Charrua01
RINCONADA_NORTE_FV,Profile_FV_Polpaico01
SAN_CAMILO_FV,Profile_FV_Ancoa01
SAUCE_7_SOLES_FV,Profile_FV_Charrua01
SANTA_ESTER_FV,Profile_FV_Charrua01
DADINCO_FV,Profile_FV_Charrua01
COIHUECO_S_C_FV,Profile_FV_Charrua01
SATURNO_NORTE_FV,Profile_FV_Charrua01
LOS_TORDOS_FV,Profile_FV_Ancoa01
RCU_FV,Profile_FV_Ancoa01
ESFENA_FV,Profile_FV_Lpalmas03
ALHUE_FV,Profile_FV_Rapel01
ALCALDESA_FV,Profile_FV_Charrua01
PIQUERO_E2_FV,Profile_FV_AltoJahuel02
TENO_FV,Profile_FV_Ancoa01
AVILES_FV,Profile_FV_Rapel01
CHICAUMA_VERANO_FV,Profile_FV_Quillota02
SAN_ANTONIO_FV,Profile_ALTOS_DEL_PAICO_FV
MELI_FV,Profile_FV_AltoJahuel02
FUSTER_DEL_VERANO_FV,Profile_FV_Quillota02
QUETENA_FV,Profile_FV_Chuquicamata03
MOYA_FV,Profile_FV_Charrua01
RUCASOL_FV,Profile_FV_Quillota02
ASTILLAS_FV,Profile_FV_Maitencillo02
LOS_MOLINOS_FV,Profile_ALTOS_DEL_PAICO_FV
CENTAURO_FV,Profile_FV_Charrua01
LAS_CATITAS_FV,Profile_FV_Charrua01
CORTIJO_FV,Profile_FV_Charrua01
LINARES_SOLAR_FV,Profile_FV_Charrua01
MUTUPIN_FV,Profile_FV_Charrua01
MACHICURA_FV,Profile_FV_Ancoa01
LAS_TENCAS_FV,Profile_FV_AltoJahuel02
EL_FLAMENCO_FV,Profile_FV_Ancoa01
PENAFLOR_1_FV,Profile_FV_AltoJahuel02
EL_TRILE_FV,Profile_FV_Charrua01
CORRALES_DEL_VERANO_FV,Profile_FV_AltoJahuel02
LAS_MAJADAS_FV,Profile_FV_Pazucar01
NAHUEN_FV,Profile_ALTOS_DEL_PAICO_FV
LA_PALMA_FV,Profile_FV_Charrua01
TENO_UNO_FV,Profile_FV_Ancoa01
CURICURA_FV,Profile_FV_Ancoa01
TAMAYA_SOLAR_FV,Profile_FV_Kimal01
ANDES_IIA_E2_FV,Profile_ANDES_FV
LLAY_LLAY_FV,Profile_Llay_Llay_FV
CSOLAR_CERRO_DOMINADOR,Profile_CSOLAR_CERRO_DOMINADOR
AZABACHE_FV,Profile_ANDES_FV
FINIS_TERRAE_II_FV,Profile_FV_Chuquicamata03
SOL_DE_LILA_FV,Profile_ANDES_FV
CAMPOS_DEL_SOL_FV,Profile_LUZ_DEL_NORTE_FV
LA_CRUZ_SOLAR_FV,Profile_FV_Kimal01
DOMEYKO_FV,Profile_ANDES_FV
SLK_CB_NUEVE_FV,Profile_FV_Polpaico01
PASTRAN_FV,Profile_FV_AltoJahuel02
DIEGO_ALMAGRO_SUR_FV,Profile_FV_DAlmagro01
VALLE_ESCONDIDO_FV,Profile_Valle_escondido
PEQUEN_FV,Profile_FV_Ancoa01
ANAKENA_FV,Profile_FV_Pazucar01
GRANATE_FV,Profile_FV_Pazucar01
SUNHUNTER_FV,Profile_FV_Pazucar01
MANDINGA_FV,Profile_ALTOS_DEL_PAICO_FV
GUADALUPE_FV,Profile_FV_Polpaico01
AEROPUERTO_FV,Profile_FV_Ancoa01
CASTILLA_FV,Profile_FV_Cardones01
ERINOME_FV,Profile_FV_Ancoa01
LINARES_VDN_FV,Profile_FV_Charrua01
REXNER_FV,Profile_FV_Polpaico01
JACARANDA_FV,Profile_FV_Pazucar01
BULNES_LOS_BARONES_FV,Profile_FV_Charrua01
LINARES_SAN_ANTONIO_FV,Profile_FV_Charrua01
EL_CUERVO_FV,Profile_FV_Ancoa01
CAMPOS_DEL_SOL_2_FV,Profile_FV_DAlmagro01
SAN_VICENTE_FV,Profile_FV_AltoJahuel02
SANTA_LUISA_FV,Profile_FV_Charrua01
PACHIRA_FV,Profile_FV_Charrua01
PALMILLA_CRUZ_FV,Profile_FV_AltoJahuel02
PORTEZUELO_VERANO_FV,Profile_FV_Polpaico01
BRAMADA_FV,Profile_FV_Cardones01
PIDUCO_FV,Profile_FV_Ancoa01
RECOLETA_FV,Profile_FV_Pazucar01
CANTERA_FV,Profile_FV_Rapel01
SANTA_FRANCISCA_FV,Profile_FV_Pazucar01
MAITENES_FV,Profile_FV_Rapel01
FARDELA_NEGRA_FV,Profile_FV_AltoJahuel02
FARAMALLA_FV,Profile_FV_Rapel01
SAN_CARLOS_FV,Profile_FV_Charrua01
COLTAUCO_ALMENDRO_FV,Profile_FV_AltoJahuel02
TAMARAMA_FV,Profile_FV_Maitencillo02
HUAQUELON_FV,Profile_FV_Pazucar01
DON_ENRIQUE_FV,Profile_FV_Pazucar01
GABRIELA_FV,Profile_FV_Pazucar01
MARAMBIO_FV,Profile_ALTOS_DEL_PAICO_FV
FULGOR_FV,Profile_FV_Charrua01
SAN_ANTONIO_MALVILLA_FV,Profile_ALTOS_DEL_PAICO_FV
FOSTER_FV,Profile_FV_AltoJahuel02
CARACOLES_FV,Profile_FV_Charrua01
PLAYERO_3_FV,Profile_FV_Quillota02
LOICA_FV,Profile_FV_Ancoa01
COLCHAGUA_FV,Profile_FV_Rapel01
FINIS_TERRAE_E2_FV,Profile_FV_Chuquicamata03
MITCHI_FV,Profile_FV_Cardones01
CONDOR_FV,Profile_FV_Rapel01
NEWENTUN_FV,Profile_FV_Rapel01
NANCAGUA_FV,Profile_FV_Ancoa01
CHIMBARONGO_NIEBLAFV,Profile_FV_Ancoa01
PALERMO_FV,Profile_FV_Rapel01
AVEL_FV,Profile_FV_Charrua01
MANAO_FV,Profile_FV_Quillota02
LA_COLONIA_FV,Profile_FV_AltoJahuel02
ALGARROBO_V_FV,Profile_FV_Ancoa01
LUCUMO_FV,Profile_FV_Charrua01
FV testigo 1,Profile_FV testigo 1
Almonte,Profile_Tata_inti
Arica_Solar,Profile_FV_Parinacota01
Cardones_FV,Profile_FV_Maitencillo02
Carrera_Pinto_II,Profile_CARRERA_PINTO_FV
CEME1,Profile_FV_CEME_1
Elena_FV,Profile_FV_Chuquicamata03
FV_Sol_de_Atacama,Profile_FV_Cardones01
Guanaco_Solar,Profile_FV_Cumbres01
Lascar,Profile_FV_Kimal01
Ovalle 023 VI,Profile_FV_Pazucar01
PF_Quillagua,Profile_Quillagua
PF_Tocopilla,Profile_FV_Kimal01
PFV Las Cachanas,Profile_FV_AltoJahuel02
PFV_Sol_de_Vallenar,Profile_PFV_Sol_de_Vallenar
Pica,Profile_FV_Lagunas03
Pintados,Profile_POZO_ALMONTE_3_FV
PMGD FV Quillon,Profile_FV_Charrua01
PuntadelViento,Profile_Punta_del_Viento_FV
Salar_de_Huasco,Profile_POZO_ALMONTE_2_FV
San Felipe 012 VII,Profile_FV_Quillota02
Solar_Toro,Profile_FV_Paposo03
Sur_Viejo,Profile_FV_Lagunas03
Victoria 13.2 I,Profile_FV_Charrua01
Wara_III,Profile_POZO_ALMONTE_1_FV
FV 1,Profile_FV_DAlmagro01
FV 2,Profile_FV 2
FV 3,Profile_FV 3
CSP testigo 1,Profile_CSP01_Kimal
Sierra Gorda Solar,PFV MARIA ELENA
